Baker Buick GMC Cadillac,29407,29407,SC,"1621 Savannah Highway, Charleston, SC",947
Baker Buick GMC of Charleston,29407,29407,SC,"1621 Savannah Highway, Charleston, SC",38181
Baker Buick GMC of Charleston,29407,29407,SC,"1621 Savannah Highway, Charleston, SC",27113
Baker Cadillac of Charleston,29407,29407,SC,"1621 Savannah Highway, Charleston, SC",34925
Baker Cadillac of Charleston,29407,29407,SC,"1621 Savannah Highway, Charleston, SC",38491
Baker INFINITI Charleston,29407,29407,SC,"1513 Savannah Highway, Charleston, SC",12395
Baker Motor Company of Charleston,29407,29407,SC,"1513 Savannah Highway, Charleston, SC",38521
Baker Motor Company of Charleston,29407,29407,SC,"1513 Savannah Highway, Charleston, SC",17981
Baker Motor Company of Charleston,29407,29407,SC,"1513 Savannah Highway, Charleston, SC",15771
First Acura,2771,2771,MA,"16 Highland Avenue, Route 6 Seekonk,MA",17561
First Acura,2771,2771,MA,"16 Highland Avenue, Route 6 Seekonk,MA",7489
Hoover Chrysler Jeep Dodge Ram Summerville,29483,29483,SC,"195 Mary Meade Drive, Summerville,SC",4180
Hoover Chrysler Jeep Dodge Ram Summerville,29483,29483,SC,"195 Mary Meade Drive, Summerville,SC",34593
